user_id,university_id,first_name,last_name,email,password
0,132903,Michael,Leven,MichaelLeven@gmail.com,test123
1,137087,Andrew,Thompson,AndrewThompson@gmail.com,test123
2,200086,Tim,Downey,TimDowney@gmail.com,test123
3,195526,Elizabeth,Arguelles,ElizabethArguelles@gmail.com,test123
4,102234,Stephen,Lunsford,StephenLunsford@gmail.com,test123
5,243188,Ezra,Miller,EzraMiller@gmail.com,test123
6,447689,Thelma,Hobson,ThelmaHobson@gmail.com,test123
7,220057,Kenneth,White,KennethWhite@gmail.com,test123
8,221999,Louis,Schmidt,LouisSchmidt@gmail.com,test123
9,200192,Lynn,Harper,LynnHarper@gmail.com,test123
10,179894,Audrey,Greene,AudreyGreene@gmail.com,test123
11,243203,Lewis,Tuplano,LewisTuplano@gmail.com,test123
12,180948,Lucille,Bradford,LucilleBradford@gmail.com,test123
13,128328,Scott,Money,ScottMoney@gmail.com,test123
14,144005,Henry,Rosmarin,HenryRosmarin@gmail.com,test123
15,187134,Martin,Swanson,MartinSwanson@gmail.com,test123
16,221184,Jorge,Alford,JorgeAlford@gmail.com,test123
17,440262,Donald,Davila,DonaldDavila@gmail.com,test123
18,134079,Craig,Medas,CraigMedas@gmail.com,test123
19,185262,Bryan,Toro,BryanToro@gmail.com,test123
20,196033,Dale,Forster,DaleForster@gmail.com,test123
21,236513,James,Stokes,JamesStokes@gmail.com,test123
22,167288,Lonnie,Nadeau,LonnieNadeau@gmail.com,test123
23,199069,Jane,Ruano,JaneRuano@gmail.com,test123
24,123961,Dena,Schofield,DenaSchofield@gmail.com,test123
25,152099,James,Mercardo,JamesMercardo@gmail.com,test123
26,243212,Michael,Young,MichaelYoung@gmail.com,test123
27,218539,Alice,Watson,AliceWatson@gmail.com,test123
28,160649,Annette,Booker,AnnetteBooker@gmail.com,test123
29,221971,Patrice,Shaw,PatriceShaw@gmail.com,test123
30,223506,Ricardo,Brennan,RicardoBrennan@gmail.com,test123
31,174738,Otha,Martin,OthaMartin@gmail.com,test123
32,178402,Robert,Confalone,RobertConfalone@gmail.com,test123
33,240277,Daniel,Bucklin,DanielBucklin@gmail.com,test123
34,188429,Graham,Harris,GrahamHarris@gmail.com,test123
35,156338,Daniel,Craig,DanielCraig@gmail.com,test123
36,438285,Larry,Koch,LarryKoch@gmail.com,test123
37,147828,Teresa,Dunn,TeresaDunn@gmail.com,test123
38,220279,Loretta,Moody,LorettaMoody@gmail.com,test123
39,137078,Josefina,Davis,JosefinaDavis@gmail.com,test123
40,185129,Maria,Pecatoste,MariaPecatoste@gmail.com,test123
41,190549,Robert,Velasquez,RobertVelasquez@gmail.com,test123
42,214616,Petra,Jones,PetraJones@gmail.com,test123
43,235316,Glenda,Roselli,GlendaRoselli@gmail.com,test123
44,230737,Jerry,Nunez,JerryNunez@gmail.com,test123
45,148131,Robert,Tejera,RobertTejera@gmail.com,test123
46,238263,Michael,Fitzgerald,MichaelFitzgerald@gmail.com,test123
47,226231,Harriet,Black,HarrietBlack@gmail.com,test123
48,188438,Howard,Quinn,HowardQuinn@gmail.com,test123
49,167598,Laurie,Rousey,LaurieRousey@gmail.com,test123
50,243106,Kevin,Bedell,KevinBedell@gmail.com,test123
51,142276,Mitzi,Johnson,MitziJohnson@gmail.com,test123
52,110097,Helen,Oneill,HelenOneill@gmail.com,test123
53,133508,Jeremy,Lee,JeremyLee@gmail.com,test123
54,217420,Kay,Segovia,KaySegovia@gmail.com,test123
55,232025,Irene,Kelly,IreneKelly@gmail.com,test123
56,200314,Raymond,Brehmer,RaymondBrehmer@gmail.com,test123
57,170286,Amy,Lee,AmyLee@gmail.com,test123
58,141334,Cheri,Shaw,CheriShaw@gmail.com,test123
59,150756,Benjamin,Kincaid,BenjaminKincaid@gmail.com,test123
60,224545,Paul,Sample,PaulSample@gmail.com,test123
61,164580,Daniel,Hooper,DanielHooper@gmail.com,test123
62,243151,Jessica,Kaua,JessicaKaua@gmail.com,test123
63,226231,Chester,Ruiz,ChesterRuiz@gmail.com,test123
64,147776,Winifred,Gongalves,WinifredGongalves@gmail.com,test123
65,235237,Travis,Wilson,TravisWilson@gmail.com,test123
66,440262,Kristine,Alvarado,KristineAlvarado@gmail.com,test123
67,133386,Warren,Hoffpavir,WarrenHoffpavir@gmail.com,test123
68,194073,Carla,Filipiak,CarlaFilipiak@gmail.com,test123
69,230737,Phillip,Reynolds,PhillipReynolds@gmail.com,test123
70,157483,Kara,Mathis,KaraMathis@gmail.com,test123
71,222062,Maria,Johnson,MariaJohnson@gmail.com,test123
72,179955,Maria,Fox,MariaFox@gmail.com,test123
73,127732,John,Salinas,JohnSalinas@gmail.com,test123
74,210571,Rose,Davis,RoseDavis@gmail.com,test123
75,195474,Diane,Thompson,DianeThompson@gmail.com,test123
76,150534,Bernard,Jalbert,BernardJalbert@gmail.com,test123
77,237312,Ricky,Morris,RickyMorris@gmail.com,test123
78,165015,Judith,Lewis,JudithLewis@gmail.com,test123
79,237358,Ralph,Chadwick,RalphChadwick@gmail.com,test123
80,456959,Anne,Parks,AnneParks@gmail.com,test123
81,213987,Pamela,Arrington,PamelaArrington@gmail.com,test123
82,196194,Kelly,Bryan,KellyBryan@gmail.com,test123
83,219824,Harrison,Witter,HarrisonWitter@gmail.com,test123
84,221582,Holly,Garner,HollyGarner@gmail.com,test123
85,133702,Rena,Croft,RenaCroft@gmail.com,test123
86,102377,Linda,Ussery,LindaUssery@gmail.com,test123
87,169248,Gary,Smith,GarySmith@gmail.com,test123
88,237880,Neil,Zhu,NeilZhu@gmail.com,test123
89,177418,Rosa,Long,RosaLong@gmail.com,test123
90,170675,David,Anderson,DavidAnderson@gmail.com,test123
91,236753,Miguel,Dockery,MiguelDockery@gmail.com,test123
92,214591,John,Thomsen,JohnThomsen@gmail.com,test123
93,170082,Paul,Sankey,PaulSankey@gmail.com,test123
94,105206,Elsie,Maretti,ElsieMaretti@gmail.com,test123
95,139144,Jeromy,Osteen,JeromyOsteen@gmail.com,test123
96,190099,Nathan,Bouchard,NathanBouchard@gmail.com,test123
97,438285,Nathan,Ford,NathanFord@gmail.com,test123
98,240268,Samara,Weber,SamaraWeber@gmail.com,test123
99,217165,Ricardo,Giel,RicardoGiel@gmail.com,test123
100,109785,Lucia,Mejia,LuciaMejia@gmail.com,test123
101,164076,Charlotte,Lawson,CharlotteLawson@gmail.com,test123
102,127200,Michael,Cotto,MichaelCotto@gmail.com,test123
103,152567,Ruby,Goodman,RubyGoodman@gmail.com,test123
104,446048,Jimmy,Unger,JimmyUnger@gmail.com,test123
105,157748,Guy,Lara,GuyLara@gmail.com,test123
106,196006,Bradley,Bream,BradleyBream@gmail.com,test123
107,243188,Raymond,Wayland,RaymondWayland@gmail.com,test123
108,191676,Joann,Coughlin,JoannCoughlin@gmail.com,test123
109,481094,Bethel,Dorich,BethelDorich@gmail.com,test123
110,228787,Julian,Simmons,JulianSimmons@gmail.com,test123
111,170976,Harvey,Pulis,HarveyPulis@gmail.com,test123
112,166018,Sherryl,Dobos,SherrylDobos@gmail.com,test123
113,190567,Jesse,Midkiff,JesseMidkiff@gmail.com,test123
114,144281,Rhonda,Turner,RhondaTurner@gmail.com,test123
115,199412,Ruby,Moye,RubyMoye@gmail.com,test123
116,239628,Kimberly,Shafer,KimberlyShafer@gmail.com,test123
117,213598,James,Gaynor,JamesGaynor@gmail.com,test123
118,206613,Thomas,Meeter,ThomasMeeter@gmail.com,test123
119,377555,Jerry,Williams,JerryWilliams@gmail.com,test123
120,157304,Timothy,Bray,TimothyBray@gmail.com,test123
121,226806,Ann,Williams,AnnWilliams@gmail.com,test123
122,208646,Jack,Long,JackLong@gmail.com,test123
123,126669,Dennis,Echols,DennisEchols@gmail.com,test123
124,380359,Mark,Delgiudice,MarkDelgiudice@gmail.com,test123
125,185572,James,Rodriguez,JamesRodriguez@gmail.com,test123
126,147244,Mary,Parker,MaryParker@gmail.com,test123
127,106412,Don,Childress,DonChildress@gmail.com,test123
128,237385,Barbara,Thompson,BarbaraThompson@gmail.com,test123
129,190567,Aron,Anderson,AronAnderson@gmail.com,test123
130,195216,Jason,Cisneros,JasonCisneros@gmail.com,test123
131,179867,Amber,Thomas,AmberThomas@gmail.com,test123
132,182564,Arthur,Brown,ArthurBrown@gmail.com,test123
133,17601701,Olive,Bassler,OliveBassler@gmail.com,test123
134,228875,David,Carpenter,DavidCarpenter@gmail.com,test123
135,236708,Saul,Atkins,SaulAtkins@gmail.com,test123
136,148654,Stephen,Ray,StephenRay@gmail.com,test123
137,168005,Barbara,Jordan,BarbaraJordan@gmail.com,test123
138,120184,Richard,Hight,RichardHight@gmail.com,test123
139,230728,Edward,Chester,EdwardChester@gmail.com,test123
140,153603,Earl,Cregan,EarlCregan@gmail.com,test123
141,217235,Anna,Witman,AnnaWitman@gmail.com,test123
142,482149,Damien,Kirby,DamienKirby@gmail.com,test123
143,217721,James,Halcomb,JamesHalcomb@gmail.com,test123
144,175005,David,Forbes,DavidForbes@gmail.com,test123
145,156648,Lurline,Hudson,LurlineHudson@gmail.com,test123
146,101143,William,Demars,WilliamDemars@gmail.com,test123
147,228787,Charles,Mullenax,CharlesMullenax@gmail.com,test123
148,166629,Linda,Kaschak,LindaKaschak@gmail.com,test123
149,219888,Hazel,Mucher,HazelMucher@gmail.com,test123
150,233921,Arturo,Dvorak,ArturoDvorak@gmail.com,test123
151,155937,Armand,Smith,ArmandSmith@gmail.com,test123
152,130776,Ramon,Tennison,RamonTennison@gmail.com,test123
153,196149,Chad,Farley,ChadFarley@gmail.com,test123
154,200332,Marvin,Pina,MarvinPina@gmail.com,test123
155,230959,Suzanne,Smith,SuzanneSmith@gmail.com,test123
156,166939,Clayton,Meacham,ClaytonMeacham@gmail.com,test123
157,193016,John,Jones,JohnJones@gmail.com,test123
158,188517,Mark,Saunders,MarkSaunders@gmail.com,test123
159,196088,Joan,Eide,JoanEide@gmail.com,test123
160,163338,Heather,Ford,HeatherFord@gmail.com,test123
161,238476,Edward,Legrand,EdwardLegrand@gmail.com,test123
162,145691,William,Wade,WilliamWade@gmail.com,test123
163,484905,Paul,Dawkins,PaulDawkins@gmail.com,test123
164,141325,David,White,DavidWhite@gmail.com,test123
165,190442,John,Jackson,JohnJackson@gmail.com,test123
166,182634,Johnny,Day,JohnnyDay@gmail.com,test123
167,172264,Marcus,Heinrich,MarcusHeinrich@gmail.com,test123
168,140234,April,Buckner,AprilBuckner@gmail.com,test123
169,243780,Jeffrey,Ledwig,JeffreyLedwig@gmail.com,test123
170,207661,James,Strauss,JamesStrauss@gmail.com,test123
171,151306,James,Sherman,JamesSherman@gmail.com,test123
172,196413,Barry,Mcgibbon,BarryMcgibbon@gmail.com,test123
173,169327,George,Ernst,GeorgeErnst@gmail.com,test123
174,220862,Michael,Stewart,MichaelStewart@gmail.com,test123
175,107974,Antonio,Burgess,AntonioBurgess@gmail.com,test123
176,441937,Kimberley,Reynolds,KimberleyReynolds@gmail.com,test123
177,240426,Robin,Robinson,RobinRobinson@gmail.com,test123
178,212656,Jonell,Manning,JonellManning@gmail.com,test123
179,211556,Joseph,Kruger,JosephKruger@gmail.com,test123
180,206914,Noble,Riley,NobleRiley@gmail.com,test123
181,183239,Cathy,Argento,CathyArgento@gmail.com,test123
182,204848,Lawrence,Dodson,LawrenceDodson@gmail.com,test123
183,120254,Maria,Simmons,MariaSimmons@gmail.com,test123
184,204839,Melissa,Santana,MelissaSantana@gmail.com,test123
185,221184,George,Dotson,GeorgeDotson@gmail.com,test123
186,240471,Daniel,Solomon,DanielSolomon@gmail.com,test123
187,158802,Donald,Read,DonaldRead@gmail.com,test123
188,10236802,Shawn,King,ShawnKing@gmail.com,test123
189,262129,Roy,Montiel,RoyMontiel@gmail.com,test123
190,151324,Paul,Cameron,PaulCameron@gmail.com,test123
191,187596,Alexander,Gregory,AlexanderGregory@gmail.com,test123
192,197221,Simon,Giesen,SimonGiesen@gmail.com,test123
193,110565,Michele,Pullen,MichelePullen@gmail.com,test123
194,173045,James,Myers,JamesMyers@gmail.com,test123
195,167358,Angela,Jenkins,AngelaJenkins@gmail.com,test123
196,133960,Walker,Wong,WalkerWong@gmail.com,test123
197,165015,James,Andres,JamesAndres@gmail.com,test123
198,161217,Gertrude,Osuna,GertrudeOsuna@gmail.com,test123
199,175263,Gail,Spalding,GailSpalding@gmail.com,test123
200,159009,Caroline,Brewer,CarolineBrewer@gmail.com,test123
201,139719,Wanda,Annino,WandaAnnino@gmail.com,test123
202,133881,William,Bellamy,WilliamBellamy@gmail.com,test123
203,110510,Miranda,Page,MirandaPage@gmail.com,test123
204,10772501,Margarite,Cooper,MargariteCooper@gmail.com,test123
205,233897,Ashley,Martinez,AshleyMartinez@gmail.com,test123
206,237312,Robin,Huddleston,RobinHuddleston@gmail.com,test123
207,448840,Gwendolyn,Cumbee,GwendolynCumbee@gmail.com,test123
208,165529,Lynn,Kelly,LynnKelly@gmail.com,test123
209,230764,Travis,Collins,TravisCollins@gmail.com,test123
210,211291,Thomas,Reder,ThomasReder@gmail.com,test123
211,196866,Cassandra,Plunk,CassandraPlunk@gmail.com,test123
212,160904,Craig,Mccain,CraigMccain@gmail.com,test123
213,209056,Stacie,Brockman,StacieBrockman@gmail.com,test123
214,207971,Daniel,Oakes,DanielOakes@gmail.com,test123
215,132851,Salvador,Williams,SalvadorWilliams@gmail.com,test123
216,139311,Helen,Gleason,HelenGleason@gmail.com,test123
217,161253,Cesar,Gendreau,CesarGendreau@gmail.com,test123
218,380377,Justin,Wright,JustinWright@gmail.com,test123
219,448840,Virgil,Green,VirgilGreen@gmail.com,test123
220,221281,Andy,Gray,AndyGray@gmail.com,test123
221,164632,James,Chandler,JamesChandler@gmail.com,test123
222,441900,Margaret,Lacroix,MargaretLacroix@gmail.com,test123
223,159382,Thomas,Mcnamee,ThomasMcnamee@gmail.com,test123
224,207971,Dorothy,Thornhill,DorothyThornhill@gmail.com,test123
225,200280,Janet,Henson,JanetHenson@gmail.com,test123
226,154855,Gloria,Navarro,GloriaNavarro@gmail.com,test123
227,168227,Robert,Davis,RobertDavis@gmail.com,test123
228,414823,Francis,Reels,FrancisReels@gmail.com,test123
229,133960,Terry,Callahan,TerryCallahan@gmail.com,test123
230,217420,Jeffrey,Norman,JeffreyNorman@gmail.com,test123
231,163338,Katherine,Wilson,KatherineWilson@gmail.com,test123
232,451671,Amy,Bouillon,AmyBouillon@gmail.com,test123
233,127778,Roy,Dingell,RoyDingell@gmail.com,test123
234,128391,Byron,Abraham,ByronAbraham@gmail.com,test123
235,173124,Cathie,Kerr,CathieKerr@gmail.com,test123
236,237899,Mark,Chapa,MarkChapa@gmail.com,test123
237,445708,Dorris,Frisby,DorrisFrisby@gmail.com,test123
238,190974,Nancy,Phung,NancyPhung@gmail.com,test123
239,178697,Eliza,Oakley,ElizaOakley@gmail.com,test123
240,157401,Betsy,Johnson,BetsyJohnson@gmail.com,test123
241,201654,Lawrence,Keesling,LawrenceKeesling@gmail.com,test123
242,140447,John,Lowe,JohnLowe@gmail.com,test123
243,198066,Ione,Strong,IoneStrong@gmail.com,test123
244,180461,Matthew,Polycarpe,MatthewPolycarpe@gmail.com,test123
245,180489,Joshua,Villalvazo,JoshuaVillalvazo@gmail.com,test123
246,134291,Bruce,Martin,BruceMartin@gmail.com,test123
247,482699,Irene,Duncan,IreneDuncan@gmail.com,test123
248,228699,Isaac,Spillman,IsaacSpillman@gmail.com,test123
249,157289,Beverly,Edwards,BeverlyEdwards@gmail.com,test123
250,219198,Daniel,Walters,DanielWalters@gmail.com,test123
251,209551,Jeffrey,Thao,JeffreyThao@gmail.com,test123
252,139755,Debra,Goff,DebraGoff@gmail.com,test123
253,110538,Helen,Davison,HelenDavison@gmail.com,test123
254,100812,Theodore,Ballard,TheodoreBallard@gmail.com,test123
255,214175,Cassie,Pollard,CassiePollard@gmail.com,test123
256,149772,Christa,Yanni,ChristaYanni@gmail.com,test123
257,162654,Lewis,Styles,LewisStyles@gmail.com,test123
258,240365,Valeria,Sharp,ValeriaSharp@gmail.com,test123
259,133872,Kyle,Hager,KyleHager@gmail.com,test123
260,232706,Kimberly,Hudson,KimberlyHudson@gmail.com,test123
261,157438,Ann,Sine,AnnSine@gmail.com,test123
262,153922,Glenn,Weyant,GlennWeyant@gmail.com,test123
263,152080,Craig,Rudloff,CraigRudloff@gmail.com,test123
264,236188,Mark,Hildreth,MarkHildreth@gmail.com,test123
265,118888,Millie,Barrett,MillieBarrett@gmail.com,test123
266,219879,Amanda,Keller,AmandaKeller@gmail.com,test123
267,174437,Taylor,Googe,TaylorGooge@gmail.com,test123
268,166656,Emogene,Devera,EmogeneDevera@gmail.com,test123
269,166124,John,Phelps,JohnPhelps@gmail.com,test123
270,148131,Twila,Richardson,TwilaRichardson@gmail.com,test123
271,231624,Donald,Gelsinger,DonaldGelsinger@gmail.com,test123
272,178697,Mary,Stahnke,MaryStahnke@gmail.com,test123
273,221388,Roosevelt,Hodge,RooseveltHodge@gmail.com,test123
274,221184,Brian,Fenderson,BrianFenderson@gmail.com,test123
275,153311,David,Young,DavidYoung@gmail.com,test123
276,203580,Joan,Garnick,JoanGarnick@gmail.com,test123
277,113236,Nadine,Hernandez,NadineHernandez@gmail.com,test123
278,215062,Sharon,Siggins,SharonSiggins@gmail.com,test123
279,170675,Judy,Colon,JudyColon@gmail.com,test123
280,240693,Gary,Colwell,GaryColwell@gmail.com,test123
281,238980,Maribel,Stiles,MaribelStiles@gmail.com,test123
282,221281,Anna,Parker,AnnaParker@gmail.com,test123
283,127909,Jose,Franks,JoseFranks@gmail.com,test123
284,153384,Raymond,Showers,RaymondShowers@gmail.com,test123
285,218742,Jeannette,Thompson,JeannetteThompson@gmail.com,test123
286,221397,Robert,Hoffman,RobertHoffman@gmail.com,test123
287,137209,Melvin,Butler,MelvinButler@gmail.com,test123
288,109819,Fritz,Steele,FritzSteele@gmail.com,test123
289,243106,Juan,Martinez,JuanMartinez@gmail.com,test123
290,142522,Dawn,Woodard,DawnWoodard@gmail.com,test123
291,485537,Sean,Holder,SeanHolder@gmail.com,test123
292,145813,Patti,Davis,PattiDavis@gmail.com,test123
293,121309,Rae,Bennett,RaeBennett@gmail.com,test123
294,156851,Gloria,Craig,GloriaCraig@gmail.com,test123
295,190619,Dorothy,Tatum,DorothyTatum@gmail.com,test123
296,209490,Rene,Caraballo,ReneCaraballo@gmail.com,test123
297,184348,Ramon,Dvorak,RamonDvorak@gmail.com,test123
298,187912,Daniel,Wilk,DanielWilk@gmail.com,test123
299,149781,Robert,Bishop,RobertBishop@gmail.com,test123
300,486840,Lara,Letchworth,LaraLetchworth@gmail.com,test123
301,482158,Jeffery,Valdez,JefferyValdez@gmail.com,test123
302,154998,Joan,Frisby,JoanFrisby@gmail.com,test123
303,237109,Harry,Carter,HarryCarter@gmail.com,test123
304,262129,Doris,Ball,DorisBall@gmail.com,test123
305,369400,Dana,Kawai,DanaKawai@gmail.com,test123
306,203492,Cynthia,Maisel,CynthiaMaisel@gmail.com,test123
307,203474,Clinton,Little,ClintonLittle@gmail.com,test123
308,237701,Marianna,Snow,MariannaSnow@gmail.com,test123
309,433660,Christine,Soledad,ChristineSoledad@gmail.com,test123
310,189592,Mildred,Joyce,MildredJoyce@gmail.com,test123
311,219888,Leon,Farias,LeonFarias@gmail.com,test123
312,182281,Charles,Fanter,CharlesFanter@gmail.com,test123
313,194569,Thomas,Grollimund,ThomasGrollimund@gmail.com,test123
314,182564,Gloria,Morse,GloriaMorse@gmail.com,test123
315,490090,Keiko,Williams,KeikoWilliams@gmail.com,test123
316,170675,Charles,Goldbach,CharlesGoldbach@gmail.com,test123
317,150455,Mia,Legrand,MiaLegrand@gmail.com,test123
318,241766,Tania,Torres,TaniaTorres@gmail.com,test123
319,206914,Houston,Todd,HoustonTodd@gmail.com,test123
320,194499,Grace,Stokes,GraceStokes@gmail.com,test123
321,154749,Donald,Chu,DonaldChu@gmail.com,test123
322,221236,Roscoe,Aldrege,RoscoeAldrege@gmail.com,test123
323,138901,Susan,Newlon,SusanNewlon@gmail.com,test123
324,399212,Constance,Parisien,ConstanceParisien@gmail.com,test123
325,18959201,Maria,Masterson,MariaMasterson@gmail.com,test123
326,221768,Earl,Graber,EarlGraber@gmail.com,test123
327,207209,Charles,Dengler,CharlesDengler@gmail.com,test123
328,214689,Charles,Paez,CharlesPaez@gmail.com,test123
329,178624,Lee,Bokor,LeeBokor@gmail.com,test123
330,190424,Jason,Jamison,JasonJamison@gmail.com,test123
331,110097,Mark,Herman,MarkHerman@gmail.com,test123
332,207315,Marie,Witty,MarieWitty@gmail.com,test123
333,237066,Kelley,Amos,KelleyAmos@gmail.com,test123
334,199272,Silas,Jones,SilasJones@gmail.com,test123
335,184603,Deborah,Jackson,DeborahJackson@gmail.com,test123
336,153603,Pamela,Brandwein,PamelaBrandwein@gmail.com,test123
337,221661,Jacqueline,Davidson,JacquelineDavidson@gmail.com,test123
338,149781,Ian,Sortore,IanSortore@gmail.com,test123
339,10236803,Marlon,Melena,MarlonMelena@gmail.com,test123
340,482936,David,Tollefson,DavidTollefson@gmail.com,test123
341,160667,Brenna,Tarvin,BrennaTarvin@gmail.com,test123
342,187897,Pearl,Lett,PearlLett@gmail.com,test123
343,367459,Steven,Malcomb,StevenMalcomb@gmail.com,test123
344,224961,David,Hanus,DavidHanus@gmail.com,test123
345,201690,Martin,Lofland,MartinLofland@gmail.com,test123
346,209056,Tara,Chavez,TaraChavez@gmail.com,test123
347,164465,Roy,Murphy,RoyMurphy@gmail.com,test123
348,129941,Adam,Smith,AdamSmith@gmail.com,test123
349,237181,Alicia,Gallagher,AliciaGallagher@gmail.com,test123
350,198215,Allen,Bakker,AllenBakker@gmail.com,test123
351,207403,Adam,Adkins,AdamAdkins@gmail.com,test123
352,228909,Judy,Boss,JudyBoss@gmail.com,test123
353,215284,Julie,Angelovich,JulieAngelovich@gmail.com,test123
354,179548,Clay,Murray,ClayMurray@gmail.com,test123
355,218885,James,Dick,JamesDick@gmail.com,test123
356,184773,Steve,Knisley,SteveKnisley@gmail.com,test123
357,123800,Richard,Neal,RichardNeal@gmail.com,test123
358,239512,Dana,Wildenthaler,DanaWildenthaler@gmail.com,test123
359,234827,Thomas,Gullett,ThomasGullett@gmail.com,test123
360,237011,James,Horne,JamesHorne@gmail.com,test123
361,126942,Theresa,Madrid,TheresaMadrid@gmail.com,test123
362,160904,Eileen,Garcia,EileenGarcia@gmail.com,test123
363,219198,Mildred,Martin,MildredMartin@gmail.com,test123
364,447883,Charlotte,Stonge,CharlotteStonge@gmail.com,test123
365,187134,Annie,Corbett,AnnieCorbett@gmail.com,test123
366,146427,Brandie,Gomez,BrandieGomez@gmail.com,test123
367,207847,Thelma,Greenup,ThelmaGreenup@gmail.com,test123
368,203483,Antonio,Luckie,AntonioLuckie@gmail.com,test123
369,185262,Peter,Kurylo,PeterKurylo@gmail.com,test123
370,136358,Carol,Cameron,CarolCameron@gmail.com,test123
371,157711,Betty,Sandoval,BettySandoval@gmail.com,test123
372,176044,Tony,Ernst,TonyErnst@gmail.com,test123
373,192785,Weldon,Jackson,WeldonJackson@gmail.com,test123
374,133650,Roy,Vonsoosten,RoyVonsoosten@gmail.com,test123
375,197294,Alfonso,Virula,AlfonsoVirula@gmail.com,test123
376,136358,Norma,Mack,NormaMack@gmail.com,test123
377,212911,Rhonda,Walls,RhondaWalls@gmail.com,test123
378,216278,Juanita,Austin,JuanitaAustin@gmail.com,test123
379,206862,Angie,Brown,AngieBrown@gmail.com,test123
380,195164,Fred,Lajoie,FredLajoie@gmail.com,test123
381,232937,Dante,Mclure,DanteMclure@gmail.com,test123
382,150455,Mary,Gonzalez,MaryGonzalez@gmail.com,test123
383,225414,Jason,Carmona,JasonCarmona@gmail.com,test123
384,136950,George,Zenger,GeorgeZenger@gmail.com,test123
385,237367,Blanca,Mayer,BlancaMayer@gmail.com,test123
386,142294,Michael,Money,MichaelMoney@gmail.com,test123
387,141796,Linda,Larson,LindaLarson@gmail.com,test123
388,180461,Shelley,Sklar,ShelleySklar@gmail.com,test123
389,137962,Carol,Garrett,CarolGarrett@gmail.com,test123
390,214069,Connie,Honor,ConnieHonor@gmail.com,test123
391,141981,Rachel,Toliver,RachelToliver@gmail.com,test123
392,409698,Thomas,Dancer,ThomasDancer@gmail.com,test123
393,183123,Robert,Burkitt,RobertBurkitt@gmail.com,test123
394,240727,Carolyn,Sullivan,CarolynSullivan@gmail.com,test123
395,232982,Brigitte,Delarosa,BrigitteDelarosa@gmail.com,test123
396,168263,Alberto,Flaherty,AlbertoFlaherty@gmail.com,test123
397,220400,Mary,Jones,MaryJones@gmail.com,test123
398,181002,John,Donovan,JohnDonovan@gmail.com,test123
399,196158,Katie,Anthony,KatieAnthony@gmail.com,test123
400,204802,Nelda,Bingham,NeldaBingham@gmail.com,test123
401,219602,Wesley,Sullivan,WesleySullivan@gmail.com,test123
402,221616,Louis,Blake,LouisBlake@gmail.com,test123
403,186131,Louis,Hedman,LouisHedman@gmail.com,test123
404,157809,Joel,Tabor,JoelTabor@gmail.com,test123
405,213598,Amanda,Wickes,AmandaWickes@gmail.com,test123
406,168591,Gregory,Gonzalez,GregoryGonzalez@gmail.com,test123
407,220516,John,Bruner,JohnBruner@gmail.com,test123
408,150163,Jimmy,Little,JimmyLittle@gmail.com,test123
409,188137,Jeremiah,Smart,JeremiahSmart@gmail.com,test123
410,191630,Cherie,Mason,CherieMason@gmail.com,test123
411,189228,Paul,Berardino,PaulBerardino@gmail.com,test123
412,24378007,Theodore,Eatmon,TheodoreEatmon@gmail.com,test123
413,488305,James,Besaw,JamesBesaw@gmail.com,test123
414,153126,Matthew,Rhoades,MatthewRhoades@gmail.com,test123
415,137847,John,Jennings,JohnJennings@gmail.com,test123
416,17399301,Mary,Thigpen,MaryThigpen@gmail.com,test123
417,160649,Michele,Bevers,MicheleBevers@gmail.com,test123
418,216852,James,Jones,JamesJones@gmail.com,test123
419,170620,Jo,Seamon,JoSeamon@gmail.com,test123
420,169974,Gemma,Cook,GemmaCook@gmail.com,test123
421,142285,Patricia,Palmer,PatriciaPalmer@gmail.com,test123
422,238661,George,Nolan,GeorgeNolan@gmail.com,test123
423,24378010,Wilma,Velis,WilmaVelis@gmail.com,test123
424,171155,Virgil,Mason,VirgilMason@gmail.com,test123
425,170240,Brigitte,Johnston,BrigitteJohnston@gmail.com,test123
426,197984,Roger,Elman,RogerElman@gmail.com,test123
427,172963,Kari,Davies,KariDavies@gmail.com,test123
428,179308,George,Faulkner,GeorgeFaulkner@gmail.com,test123
429,220640,Douglas,Sanchez,DouglasSanchez@gmail.com,test123
430,206862,David,Skidmore,DavidSkidmore@gmail.com,test123
431,490054,Lindsey,Brent,LindseyBrent@gmail.com,test123
432,248925,Dale,Goldsmith,DaleGoldsmith@gmail.com,test123
433,156125,Paul,James,PaulJames@gmail.com,test123
434,182795,Charles,Lizarraga,CharlesLizarraga@gmail.com,test123
435,143853,Roberto,Holloway,RobertoHolloway@gmail.com,test123
436,199607,Nathan,Handy,NathanHandy@gmail.com,test123
437,104179,Kimberly,Gibson,KimberlyGibson@gmail.com,test123
438,182005,Charlene,Owens,CharleneOwens@gmail.com,test123
439,212674,Noah,Parks,NoahParks@gmail.com,test123
440,166656,Jerry,Twitchell,JerryTwitchell@gmail.com,test123
441,111948,Stephanie,Archuleta,StephanieArchuleta@gmail.com,test123
442,487524,Ricardo,Mcmanus,RicardoMcmanus@gmail.com,test123
443,137078,Dale,Salgado,DaleSalgado@gmail.com,test123
444,104151,Brian,Jacobson,BrianJacobson@gmail.com,test123
445,110413,Janice,Walton,JaniceWalton@gmail.com,test123
446,175616,Bobby,Nye,BobbyNye@gmail.com,test123
447,225247,Richard,Murray,RichardMurray@gmail.com,test123
448,190983,Samuel,Gausman,SamuelGausman@gmail.com,test123
449,163851,Margaret,Evans,MargaretEvans@gmail.com,test123
450,129242,Marjorie,Rowell,MarjorieRowell@gmail.com,test123
451,136659,Thomas,Dimaio,ThomasDimaio@gmail.com,test123
452,149222,Ida,Muncie,IdaMuncie@gmail.com,test123
453,230047,Stephen,Hayden,StephenHayden@gmail.com,test123
454,207209,Eugenia,Kimbrough,EugeniaKimbrough@gmail.com,test123
455,482158,James,Jackson,JamesJackson@gmail.com,test123
456,225399,Susan,Howell,SusanHowell@gmail.com,test123
457,218441,Joyce,Barrows,JoyceBarrows@gmail.com,test123
458,167260,Katelyn,Geno,KatelynGeno@gmail.com,test123
459,130697,Bryan,Brenneman,BryanBrenneman@gmail.com,test123
460,190549,Amber,Greer,AmberGreer@gmail.com,test123
461,183026,Anthony,Ballard,AnthonyBallard@gmail.com,test123
462,459949,Peter,Hartsell,PeterHartsell@gmail.com,test123
463,233897,Jason,Ellington,JasonEllington@gmail.com,test123
464,237057,Vance,Greenberg,VanceGreenberg@gmail.com,test123
465,224545,Dana,Jennings,DanaJennings@gmail.com,test123
466,190725,Kathleen,Redman,KathleenRedman@gmail.com,test123
467,154590,Martin,Hayes,MartinHayes@gmail.com,test123
468,182290,Laura,Whitten,LauraWhitten@gmail.com,test123
469,214704,Melynda,Niceswander,MelyndaNiceswander@gmail.com,test123
470,235316,Agnes,Stultz,AgnesStultz@gmail.com,test123
471,141839,John,Johnson,JohnJohnson@gmail.com,test123
472,221838,Chad,Solis,ChadSolis@gmail.com,test123
473,110538,Cynthia,Mcelvaine,CynthiaMcelvaine@gmail.com,test123
474,126580,James,Hedley,JamesHedley@gmail.com,test123
475,161554,Candace,Graham,CandaceGraham@gmail.com,test123
476,247940,Erik,Dworkin,ErikDworkin@gmail.com,test123
477,191630,Timothy,Muller,TimothyMuller@gmail.com,test123
478,126614,Alease,Tomko,AleaseTomko@gmail.com,test123
479,182281,Marta,Bonner,MartaBonner@gmail.com,test123
480,217864,Marcella,Dominique,MarcellaDominique@gmail.com,test123
481,167783,Robert,Penn,RobertPenn@gmail.com,test123
482,155681,Ronald,Lundberg,RonaldLundberg@gmail.com,test123
483,180106,Calvin,Logan,CalvinLogan@gmail.com,test123
484,214272,Steve,Jenkins,SteveJenkins@gmail.com,test123
485,129242,Gail,Hendrix,GailHendrix@gmail.com,test123
486,190567,Alicia,Sanchez,AliciaSanchez@gmail.com,test123
487,128771,Rosa,Bettis,RosaBettis@gmail.com,test123
488,122612,Daniel,Gonzalez,DanielGonzalez@gmail.com,test123
489,238458,Joaquin,Wright,JoaquinWright@gmail.com,test123
490,233295,Don,Hall,DonHall@gmail.com,test123
491,226587,Edward,Morrison,EdwardMorrison@gmail.com,test123
492,143048,Elizabeth,Scott,ElizabethScott@gmail.com,test123
493,133702,Delisa,Moore,DelisaMoore@gmail.com,test123
494,176035,Joshua,Johnson,JoshuaJohnson@gmail.com,test123
495,148405,John,Thomas,JohnThomas@gmail.com,test123
496,154590,Lanora,Ortega,LanoraOrtega@gmail.com,test123
497,194578,Colby,Callahan,ColbyCallahan@gmail.com,test123
498,157076,Jeff,Felipe,JeffFelipe@gmail.com,test123
499,455992,Sheena,Grier,SheenaGrier@gmail.com,test123
500,143048,Daniel,Wills,DanielWills@gmail.com,test123
501,423643,Robert,Lewis,RobertLewis@gmail.com,test123
502,193830,Jodi,Baker,JodiBaker@gmail.com,test123
503,106342,Thomas,Murphey,ThomasMurphey@gmail.com,test123
504,237118,David,Walker,DavidWalker@gmail.com,test123
505,191597,Melissa,Daigle,MelissaDaigle@gmail.com,test123
506,146612,Betty,Lynn,BettyLynn@gmail.com,test123
507,133492,Edward,Hight,EdwardHight@gmail.com,test123
508,164155,Kathleen,Clinch,KathleenClinch@gmail.com,test123
509,207670,Tina,Stevenson,TinaStevenson@gmail.com,test123
510,100760,Jesse,Lynch,JesseLynch@gmail.com,test123
511,213826,Juanita,Hicks,JuanitaHicks@gmail.com,test123
512,184612,Rosemary,Hartwig,RosemaryHartwig@gmail.com,test123
513,196130,Jennifer,Woodhouse,JenniferWoodhouse@gmail.com,test123
514,19570201,Donna,Tatro,DonnaTatro@gmail.com,test123
515,183105,Juanita,Ashcraft,JuanitaAshcraft@gmail.com,test123
516,182670,Donna,Mathews,DonnaMathews@gmail.com,test123
517,196185,Shirley,Alexander,ShirleyAlexander@gmail.com,test123
518,24378002,Larry,Moss,LarryMoss@gmail.com,test123
519,139940,Charles,Childs,CharlesChilds@gmail.com,test123
520,189088,Larry,Jandres,LarryJandres@gmail.com,test123
521,106467,Donald,Edwards,DonaldEdwards@gmail.com,test123
522,190169,Keith,Treible,KeithTreible@gmail.com,test123
523,196176,William,Martinez,WilliamMartinez@gmail.com,test123
524,210401,Wade,Larson,WadeLarson@gmail.com,test123
525,210775,Renetta,Miller,RenettaMiller@gmail.com,test123
526,141264,Elizabeth,Mitchell,ElizabethMitchell@gmail.com,test123
527,220710,Leonor,Vanwingerden,LeonorVanwingerden@gmail.com,test123
528,220862,Adam,Wilson,AdamWilson@gmail.com,test123
529,193016,Octavia,Halas,OctaviaHalas@gmail.com,test123
530,243179,Harold,Young,HaroldYoung@gmail.com,test123
531,196200,Maria,Jones,MariaJones@gmail.com,test123
532,240736,Linda,Michael,LindaMichael@gmail.com,test123
533,239512,Amanda,Sherrill,AmandaSherrill@gmail.com,test123
534,216694,Joseph,Mackson,JosephMackson@gmail.com,test123
535,106485,Jorge,Talton,JorgeTalton@gmail.com,test123
536,134945,Brenda,Cole,BrendaCole@gmail.com,test123
537,13508101,Eloise,Rogers,EloiseRogers@gmail.com,test123
538,145372,Dorothy,Savage,DorothySavage@gmail.com,test123
539,171137,Paige,Mcswain,PaigeMcswain@gmail.com,test123
540,191205,Gayla,Mcguire,GaylaMcguire@gmail.com,test123
541,155681,Jack,Burgess,JackBurgess@gmail.com,test123
542,231882,Lois,Walters,LoisWalters@gmail.com,test123
543,178624,Lolita,Lee,LolitaLee@gmail.com,test123
544,106713,Lynsey,Holbach,LynseyHolbach@gmail.com,test123
545,172051,John,Mohr,JohnMohr@gmail.com,test123
546,173258,Patricia,Hernandez,PatriciaHernandez@gmail.com,test123
547,162928,Jason,Watson,JasonWatson@gmail.com,test123
548,180249,Maria,Whitley,MariaWhitley@gmail.com,test123
549,133669,Steve,Velez,SteveVelez@gmail.com,test123
550,238661,Joseph,Rozell,JosephRozell@gmail.com,test123
551,190628,Dennis,Truesdale,DennisTruesdale@gmail.com,test123
552,171571,Randall,Morse,RandallMorse@gmail.com,test123
553,125727,Anthony,Lapointe,AnthonyLapointe@gmail.com,test123
554,195191,Tammy,Wood,TammyWood@gmail.com,test123
555,190442,Ann,Wright,AnnWright@gmail.com,test123
556,150136,Lee,Miske,LeeMiske@gmail.com,test123
557,102553,Steven,Pollard,StevenPollard@gmail.com,test123
558,142328,Helen,Moralez,HelenMoralez@gmail.com,test123
559,160658,Rodger,Brown,RodgerBrown@gmail.com,test123
560,238980,Sarah,Sheroan,SarahSheroan@gmail.com,test123
561,174914,Charity,Boch,CharityBoch@gmail.com,test123
562,450632,Ronald,Dominguez,RonaldDominguez@gmail.com,test123
563,120184,Mary,Hoover,MaryHoover@gmail.com,test123
564,487311,Florence,Paulsen,FlorencePaulsen@gmail.com,test123
565,221971,Melinda,Shetler,MelindaShetler@gmail.com,test123
566,167987,Kenneth,Turner,KennethTurner@gmail.com,test123
567,156189,Elaine,Jacobs,ElaineJacobs@gmail.com,test123
568,157216,John,Karrels,JohnKarrels@gmail.com,test123
569,199962,Tawanna,Faulkner,TawannaFaulkner@gmail.com,test123
570,174376,Jack,Chiodo,JackChiodo@gmail.com,test123
571,135267,Timothy,Robyn,TimothyRobyn@gmail.com,test123
572,224226,Dennis,Irving,DennisIrving@gmail.com,test123
573,157535,Jane,Pierce,JanePierce@gmail.com,test123
574,404994,Rachael,Feller,RachaelFeller@gmail.com,test123
575,219383,Rosemarie,Brown,RosemarieBrown@gmail.com,test123
576,233611,Nathaniel,Wages,NathanielWages@gmail.com,test123
577,170240,Amber,Parks,AmberParks@gmail.com,test123
578,490805,Joseph,Virgil,JosephVirgil@gmail.com,test123
579,174020,Julie,Chitwood,JulieChitwood@gmail.com,test123
580,169327,Kelly,Welsh,KellyWelsh@gmail.com,test123
581,173461,Cuc,Stott,CucStott@gmail.com,test123
582,191676,Guillermo,Michelotti,GuillermoMichelotti@gmail.com,test123
583,193399,Jack,Eusebio,JackEusebio@gmail.com,test123
584,406547,Ross,Meece,RossMeece@gmail.com,test123
585,191597,Bruce,Tumlin,BruceTumlin@gmail.com,test123
586,177968,Mathew,Burden,MathewBurden@gmail.com,test123
587,225070,Craig,Radice,CraigRadice@gmail.com,test123
588,179265,Mary,Hill,MaryHill@gmail.com,test123
589,220598,Jennifer,Hamilton,JenniferHamilton@gmail.com,test123
590,166656,Freda,Woodard,FredaWoodard@gmail.com,test123
591,149772,Candice,Wallace,CandiceWallace@gmail.com,test123
592,207582,Mitchell,Cagle,MitchellCagle@gmail.com,test123
593,190682,Sarah,Caruso,SarahCaruso@gmail.com,test123
594,154721,Michael,White,MichaelWhite@gmail.com,test123
595,172918,Steven,Brown,StevenBrown@gmail.com,test123
596,13508116,Trudi,North,TrudiNorth@gmail.com,test123
597,237880,Cheryl,Hale,CherylHale@gmail.com,test123
598,194578,Lionel,Hilderbrandt,LionelHilderbrandt@gmail.com,test123
599,104717,Mark,Middleton,MarkMiddleton@gmail.com,test123
600,151777,Matthew,Wheeler,MatthewWheeler@gmail.com,test123
601,243780,Roy,Sanchez,RoySanchez@gmail.com,test123
602,213400,Gertrude,Farnam,GertrudeFarnam@gmail.com,test123
603,121309,Cecil,Bates,CecilBates@gmail.com,test123
604,184782,George,Brannon,GeorgeBrannon@gmail.com,test123
605,211352,Kattie,Magallon,KattieMagallon@gmail.com,test123
606,10236803,Jamie,Mertens,JamieMertens@gmail.com,test123
607,144962,David,Pouncey,DavidPouncey@gmail.com,test123
608,100654,James,Hart,JamesHart@gmail.com,test123
609,134130,Don,Weidner,DonWeidner@gmail.com,test123
610,202134,Steve,Davis,SteveDavis@gmail.com,test123
611,172918,Marilyn,Cohen,MarilynCohen@gmail.com,test123
612,198507,Jana,Danforth,JanaDanforth@gmail.com,test123
613,240736,Mary,Clinton,MaryClinton@gmail.com,test123
614,147703,Cornelia,Moore,CorneliaMoore@gmail.com,test123
615,211158,Marie,Rice,MarieRice@gmail.com,test123
616,200314,Omar,Armstrong,OmarArmstrong@gmail.com,test123
617,237385,Manuel,Sherman,ManuelSherman@gmail.com,test123
618,217420,Bryan,Kiefer,BryanKiefer@gmail.com,test123
619,181002,Wendy,Mcclure,WendyMcclure@gmail.com,test123
620,238193,Floyd,Hampton,FloydHampton@gmail.com,test123
621,212009,Robert,Lutz,RobertLutz@gmail.com,test123
622,189565,Marcia,Westcott,MarciaWestcott@gmail.com,test123
623,176035,Carman,Ward,CarmanWard@gmail.com,test123
624,152600,Mollie,Morse,MollieMorse@gmail.com,test123
625,198808,John,Stockman,JohnStockman@gmail.com,test123
626,164270,Virginia,Gray,VirginiaGray@gmail.com,test123
627,161226,Chuck,Abud,ChuckAbud@gmail.com,test123
628,166638,Jon,Figueroa,JonFigueroa@gmail.com,test123
629,142522,Troy,Nord,TroyNord@gmail.com,test123
630,135179,Robert,Mitchell,RobertMitchell@gmail.com,test123
631,228042,Julia,Dziedzic,JuliaDziedzic@gmail.com,test123
632,174020,Addie,Kelley,AddieKelley@gmail.com,test123
633,161217,Geraldine,Sutton,GeraldineSutton@gmail.com,test123
634,237686,Autumn,Carson,AutumnCarson@gmail.com,test123
635,203757,Christine,Simon,ChristineSimon@gmail.com,test123
636,166045,Gilbert,Oakley,GilbertOakley@gmail.com,test123
637,216278,Richard,Evans,RichardEvans@gmail.com,test123
638,217402,Gary,Smith,GarySmith@gmail.com,test123
639,107141,Lakeisha,Pope,LakeishaPope@gmail.com,test123
640,110097,Loretta,Swanson,LorettaSwanson@gmail.com,test123
641,142285,Lionel,America,LionelAmerica@gmail.com,test123
642,174783,Florence,Carrico,FlorenceCarrico@gmail.com,test123
643,160409,Mildred,Davis,MildredDavis@gmail.com,test123
644,181428,Kristofer,Lawrence,KristoferLawrence@gmail.com,test123
645,129941,Jeffrey,Peterson,JeffreyPeterson@gmail.com,test123
646,183141,Mary,Moore,MaryMoore@gmail.com,test123
647,237880,Mark,Williams,MarkWilliams@gmail.com,test123
648,133508,James,Morris,JamesMorris@gmail.com,test123
649,167835,Valeria,Burkholder,ValeriaBurkholder@gmail.com,test123
650,262165,Amelia,Davis,AmeliaDavis@gmail.com,test123
651,211158,James,Robbins,JamesRobbins@gmail.com,test123
652,232566,Herb,Vine,HerbVine@gmail.com,test123
653,179955,Christopher,Davis,ChristopherDavis@gmail.com,test123
654,138293,Christine,Billiot,ChristineBilliot@gmail.com,test123
655,238032,Kathy,Bell,KathyBell@gmail.com,test123
656,236504,Fred,Osborn,FredOsborn@gmail.com,test123
657,236939,Shirley,Kramer,ShirleyKramer@gmail.com,test123
658,197221,Leah,Stone,LeahStone@gmail.com,test123
659,177472,Gene,Durrance,GeneDurrance@gmail.com,test123
660,207351,Frederick,Lodi,FrederickLodi@gmail.com,test123
661,237969,James,Randles,JamesRandles@gmail.com,test123
662,198613,Cynthia,Psuik,CynthiaPsuik@gmail.com,test123
663,198695,Sharon,Harmon,SharonHarmon@gmail.com,test123
664,198835,Keith,Ditch,KeithDitch@gmail.com,test123
665,235097,Jessie,Burrell,JessieBurrell@gmail.com,test123
666,198419,Christopher,Stoeger,ChristopherStoeger@gmail.com,test123
667,138372,Phillip,Mattingly,PhillipMattingly@gmail.com,test123
668,156790,Jeri,Sclavi,JeriSclavi@gmail.com,test123
669,369400,Jorge,Maffei,JorgeMaffei@gmail.com,test123
670,215655,Ella,Brown,EllaBrown@gmail.com,test123
671,171599,Jon,Knight,JonKnight@gmail.com,test123
672,157535,Mary,Sheets,MarySheets@gmail.com,test123
673,107558,Fanny,Smith,FannySmith@gmail.com,test123
674,236258,Mary,Pridgeon,MaryPridgeon@gmail.com,test123
675,214625,Hilda,Carey,HildaCarey@gmail.com,test123
676,200314,Clifford,Cox,CliffordCox@gmail.com,test123
677,128902,Lona,Johnson,LonaJohnson@gmail.com,test123
678,126669,Jean,Conrad,JeanConrad@gmail.com,test123
679,156408,Nancy,Morreale,NancyMorreale@gmail.com,test123
680,184348,Erin,Biermann,ErinBiermann@gmail.com,test123
681,196130,Jennifer,Murray,JenniferMurray@gmail.com,test123
682,130226,Dolores,Aslanian,DoloresAslanian@gmail.com,test123
683,213598,Manuel,Madigan,ManuelMadigan@gmail.com,test123
684,197708,Lawrence,Cole,LawrenceCole@gmail.com,test123
685,105297,Josephine,Miller,JosephineMiller@gmail.com,test123
686,173258,Roger,Hudson,RogerHudson@gmail.com,test123
687,159647,Ramon,Beck,RamonBeck@gmail.com,test123
688,191205,Robert,Rojas,RobertRojas@gmail.com,test123
689,203748,Randy,Terrell,RandyTerrell@gmail.com,test123
690,169248,Angela,Bailey,AngelaBailey@gmail.com,test123
691,211024,Rocio,Kreider,RocioKreider@gmail.com,test123
692,219082,Ralph,Dole,RalphDole@gmail.com,test123
693,218654,Rhonda,Magee,RhondaMagee@gmail.com,test123
694,158802,Adrienne,Baxter,AdrienneBaxter@gmail.com,test123
695,228699,Leroy,Beeson,LeroyBeeson@gmail.com,test123
696,198507,Emily,Layton,EmilyLayton@gmail.com,test123
697,218973,Greg,Daniels,GregDaniels@gmail.com,test123
698,130624,Jennifer,Dardy,JenniferDardy@gmail.com,test123
699,227845,Minnie,Nein,MinnieNein@gmail.com,test123
700,115728,Antonio,Hamilton,AntonioHamilton@gmail.com,test123
701,240426,Larry,Wagnon,LarryWagnon@gmail.com,test123
702,214625,Jimmy,Dabe,JimmyDabe@gmail.com,test123
703,198969,Mary,Zmolek,MaryZmolek@gmail.com,test123
704,234076,Nancy,Bannister,NancyBannister@gmail.com,test123
705,165671,Johnnie,Stevens,JohnnieStevens@gmail.com,test123
706,204866,Arlene,Moore,ArleneMoore@gmail.com,test123
707,148405,Samantha,Jenkins,SamanthaJenkins@gmail.com,test123
708,129242,Diana,Wilson,DianaWilson@gmail.com,test123
709,232423,Dave,Mahi,DaveMahi@gmail.com,test123
710,159391,Jessie,Davis,JessieDavis@gmail.com,test123
711,136109,Elizabeth,Pullum,ElizabethPullum@gmail.com,test123
712,164988,Kim,Currence,KimCurrence@gmail.com,test123
713,203465,Ernest,Flores,ErnestFlores@gmail.com,test123
714,224226,Maria,Mccartney,MariaMccartney@gmail.com,test123
715,136473,Barbara,Owen,BarbaraOwen@gmail.com,test123
716,221625,Dennis,Gordon,DennisGordon@gmail.com,test123
717,169910,Phyllis,Torres,PhyllisTorres@gmail.com,test123
718,174604,Alisa,Kimble,AlisaKimble@gmail.com,test123
719,409698,Fred,Isenberg,FredIsenberg@gmail.com,test123
720,235343,Brian,Fajardo,BrianFajardo@gmail.com,test123
721,173203,Kristina,Keeter,KristinaKeeter@gmail.com,test123
722,134945,Lester,Hampton,LesterHampton@gmail.com,test123
723,173559,Kelvin,Lord,KelvinLord@gmail.com,test123
724,217776,Kent,Rigsby,KentRigsby@gmail.com,test123
725,238032,Victor,Santos,VictorSantos@gmail.com,test123
726,433174,John,Hurst,JohnHurst@gmail.com,test123
727,450632,Brent,Sultemeier,BrentSultemeier@gmail.com,test123
728,168421,Eric,Grow,EricGrow@gmail.com,test123
729,194310,Mikel,Sawyer,MikelSawyer@gmail.com,test123
730,101879,Chester,Felix,ChesterFelix@gmail.com,test123
731,142276,Robin,Miller,RobinMiller@gmail.com,test123
732,121309,Walter,Frank,WalterFrank@gmail.com,test123
733,222992,Fatima,Loyd,FatimaLoyd@gmail.com,test123
734,380359,Leah,Brumfield,LeahBrumfield@gmail.com,test123
735,169716,Vera,Wise,VeraWise@gmail.com,test123
736,176372,Linda,Scott,LindaScott@gmail.com,test123
737,221740,Christina,Brenton,ChristinaBrenton@gmail.com,test123
738,189848,Kenneth,Nilsen,KennethNilsen@gmail.com,test123
739,156426,Karen,Otero,KarenOtero@gmail.com,test123
740,133526,Tonya,Conklin,TonyaConklin@gmail.com,test123
741,193973,Marjorie,Divers,MarjorieDivers@gmail.com,test123
742,195173,Jonathan,Roper,JonathanRoper@gmail.com,test123
743,204909,Jason,Damico,JasonDamico@gmail.com,test123
744,192749,James,Barfield,JamesBarfield@gmail.com,test123
745,199157,Mary,Harris,MaryHarris@gmail.com,test123
746,139764,Michael,Pothoven,MichaelPothoven@gmail.com,test123
747,216807,Theodore,Henry,TheodoreHenry@gmail.com,test123
748,217536,Marina,Sutphin,MarinaSutphin@gmail.com,test123
749,177472,Thomas,Reese,ThomasReese@gmail.com,test123
750,251260,Larry,Harris,LarryHarris@gmail.com,test123
751,13508116,Laura,Watson,LauraWatson@gmail.com,test123
752,219374,David,Nichol,DavidNichol@gmail.com,test123
753,141839,Daniela,Latsha,DanielaLatsha@gmail.com,test123
754,251260,Aaron,Jones,AaronJones@gmail.com,test123
755,168883,Martin,Jeffrey,MartinJeffrey@gmail.com,test123
756,219347,Joshua,Reynolds,JoshuaReynolds@gmail.com,test123
757,192509,Erica,Douglas,EricaDouglas@gmail.com,test123
758,221333,John,Daisley,JohnDaisley@gmail.com,test123
759,102553,Kathleen,Cantrell,KathleenCantrell@gmail.com,test123
760,191126,John,Richard,JohnRichard@gmail.com,test123
761,157553,Patricia,Padmore,PatriciaPadmore@gmail.com,test123
762,207500,Timothy,Pena,TimothyPena@gmail.com,test123
763,203085,Esperanza,Brown,EsperanzaBrown@gmail.com,test123
764,475422,Karen,Anderson,KarenAnderson@gmail.com,test123
765,190114,Anthony,Hernandez,AnthonyHernandez@gmail.com,test123
766,229300,Timothy,Fox,TimothyFox@gmail.com,test123
767,150604,Steven,Martin,StevenMartin@gmail.com,test123
768,137847,Ruth,Davis,RuthDavis@gmail.com,test123
769,152637,Cynthia,Measom,CynthiaMeasom@gmail.com,test123
770,142115,Kelly,Burgener,KellyBurgener@gmail.com,test123
771,225502,David,Black,DavidBlack@gmail.com,test123
772,435000,Carlos,Whiting,CarlosWhiting@gmail.com,test123
773,239080,Alejandra,Hoftiezer,AlejandraHoftiezer@gmail.com,test123
774,136765,Richard,Steen,RichardSteen@gmail.com,test123
775,168740,Joseph,Lackey,JosephLackey@gmail.com,test123
776,198136,Camille,Ebert,CamilleEbert@gmail.com,test123
777,218113,Claire,Underdown,ClaireUnderdown@gmail.com,test123
778,168342,Clyde,Adams,ClydeAdams@gmail.com,test123
779,130590,Frank,Sanchez,FrankSanchez@gmail.com,test123
780,238980,Amber,Palma,AmberPalma@gmail.com,test123
781,136516,Raymond,Renteria,RaymondRenteria@gmail.com,test123
782,190646,Earl,Sheneman,EarlSheneman@gmail.com,test123
783,102049,Beth,Ward,BethWard@gmail.com,test123
784,234696,Eleanor,Robertson,EleanorRobertson@gmail.com,test123
785,137759,Hang,Sanchez,HangSanchez@gmail.com,test123
786,173911,Howard,Vang,HowardVang@gmail.com,test123
787,139250,Ilene,Carpenter,IleneCarpenter@gmail.com,test123
788,193016,Esther,Warner,EstherWarner@gmail.com,test123
789,173452,Norman,Crossman,NormanCrossman@gmail.com,test123
790,102234,Dave,Komorowski,DaveKomorowski@gmail.com,test123
791,240329,Debra,Hamilton,DebraHamilton@gmail.com,test123
792,231581,Carol,Beam,CarolBeam@gmail.com,test123
793,139931,Ashley,Martin,AshleyMartin@gmail.com,test123
794,221333,Walter,Kepley,WalterKepley@gmail.com,test123
795,133872,Marty,Molleur,MartyMolleur@gmail.com,test123
796,110486,Julian,Moore,JulianMoore@gmail.com,test123
797,220394,Estela,Rivera,EstelaRivera@gmail.com,test123
798,168430,Jason,Silvers,JasonSilvers@gmail.com,test123
799,486840,Earl,Scott,EarlScott@gmail.com,test123
800,146481,Barbara,Dexter,BarbaraDexter@gmail.com,test123
801,110565,Julian,Blume,JulianBlume@gmail.com,test123
802,197984,Miranda,Bria,MirandaBria@gmail.com,test123
803,120184,Ernestine,Fisher,ErnestineFisher@gmail.com,test123
804,154004,Lauren,Franco,LaurenFranco@gmail.com,test123
805,174233,Katharine,Rodgers,KatharineRodgers@gmail.com,test123
806,191986,Robin,Mckenzie,RobinMckenzie@gmail.com,test123
807,218441,Sue,Murphy,SueMurphy@gmail.com,test123
808,205957,Brian,Vanochten,BrianVanochten@gmail.com,test123
809,131469,Victor,Carnillo,VictorCarnillo@gmail.com,test123
810,13508116,Jennifer,Bean,JenniferBean@gmail.com,test123
811,399212,Katherine,Burkhead,KatherineBurkhead@gmail.com,test123
812,211088,Stephen,Khan,StephenKhan@gmail.com,test123
813,139959,Michael,Cooper,MichaelCooper@gmail.com,test123
814,206622,Charles,Setzer,CharlesSetzer@gmail.com,test123
815,182290,George,Fox,GeorgeFox@gmail.com,test123
816,144050,Jennifer,Krahn,JenniferKrahn@gmail.com,test123
817,190619,Gladys,Sheehan,GladysSheehan@gmail.com,test123
818,130934,Dorothy,Lao,DorothyLao@gmail.com,test123
819,206349,Jeanine,Rabinowitz,JeanineRabinowitz@gmail.com,test123
820,231970,Sheena,Case,SheenaCase@gmail.com,test123
821,117946,Nancy,Brake,NancyBrake@gmail.com,test123
822,193830,Earnestine,Wooden,EarnestineWooden@gmail.com,test123
823,227526,Julia,Hawthorne,JuliaHawthorne@gmail.com,test123
824,113980,Toni,Erickson,ToniErickson@gmail.com,test123
825,219921,David,Benoit,DavidBenoit@gmail.com,test123
826,131283,Anne,Warren,AnneWarren@gmail.com,test123
827,237880,David,Woodie,DavidWoodie@gmail.com,test123
828,120254,Daniel,Kirsch,DanielKirsch@gmail.com,test123
829,439190,Eula,Jennrich,EulaJennrich@gmail.com,test123
830,226833,Robert,Rabelo,RobertRabelo@gmail.com,test123
831,168591,Rhonda,Dietrich,RhondaDietrich@gmail.com,test123
832,166708,Jesus,Mcwhite,JesusMcwhite@gmail.com,test123
833,220978,Tracey,Tibolla,TraceyTibolla@gmail.com,test123
834,236504,Delmer,Mcbride,DelmerMcbride@gmail.com,test123
835,188517,Angelo,Wright,AngeloWright@gmail.com,test123
836,178615,Rose,Clemente,RoseClemente@gmail.com,test123
837,133650,Norma,Hatch,NormaHatch@gmail.com,test123
838,202134,Thomas,Brewington,ThomasBrewington@gmail.com,test123
839,157535,Eva,Britt,EvaBritt@gmail.com,test123
840,243744,Reggie,Avila,ReggieAvila@gmail.com,test123
841,181428,Michael,Simmons,MichaelSimmons@gmail.com,test123
842,215284,John,Storey,JohnStorey@gmail.com,test123
843,199148,Vesta,Delatrinidad,VestaDelatrinidad@gmail.com,test123
844,174136,Eva,Wall,EvaWall@gmail.com,test123
845,171155,Chris,Dominguez,ChrisDominguez@gmail.com,test123
846,136400,Angela,Smith,AngelaSmith@gmail.com,test123
847,167455,Martha,Vinton,MarthaVinton@gmail.com,test123
848,170037,Belle,Blakeman,BelleBlakeman@gmail.com,test123
849,237880,Alisha,Brown,AlishaBrown@gmail.com,test123
850,226383,Linda,Nowell,LindaNowell@gmail.com,test123
851,414823,Terrence,Rees,TerrenceRees@gmail.com,test123
852,121345,Beverly,Mayon,BeverlyMayon@gmail.com,test123
853,122409,Rita,Miller,RitaMiller@gmail.com,test123
854,157809,Roderick,Burris,RoderickBurris@gmail.com,test123
855,225070,Debra,Gibson,DebraGibson@gmail.com,test123
856,195562,Diana,Baker,DianaBaker@gmail.com,test123
857,214670,Benton,Chizmar,BentonChizmar@gmail.com,test123
858,173045,Danielle,Long,DanielleLong@gmail.com,test123
859,161518,Adam,Davis,AdamDavis@gmail.com,test123
860,177418,Manuel,Adams,ManuelAdams@gmail.com,test123
861,219833,Norma,Spencer,NormaSpencer@gmail.com,test123
862,106412,Kenneth,Banks,KennethBanks@gmail.com,test123
863,190673,Mauricio,Haddad,MauricioHaddad@gmail.com,test123
864,137856,Tracy,Jackson,TracyJackson@gmail.com,test123
865,161086,Roy,Dotson,RoyDotson@gmail.com,test123
866,218539,Mary,Shake,MaryShake@gmail.com,test123
867,133553,Paul,Caban,PaulCaban@gmail.com,test123
868,133492,Betty,Davis,BettyDavis@gmail.com,test123
869,180948,Duane,Malik,DuaneMalik@gmail.com,test123
870,234085,Jack,Nolte,JackNolte@gmail.com,test123
871,225399,Woodrow,Nguyen,WoodrowNguyen@gmail.com,test123
872,240277,Jeffrey,Elliott,JeffreyElliott@gmail.com,test123
873,200332,Joseph,Moore,JosephMoore@gmail.com,test123
874,138372,Brandon,Jaramillo,BrandonJaramillo@gmail.com,test123
875,151102,Debbie,Jameson,DebbieJameson@gmail.com,test123
876,201885,Helen,French,HelenFrench@gmail.com,test123
877,180461,Stephen,Silva,StephenSilva@gmail.com,test123
878,230852,Louise,Lechner,LouiseLechner@gmail.com,test123
879,159009,Ann,Sample,AnnSample@gmail.com,test123
880,198756,Leon,Hernandez,LeonHernandez@gmail.com,test123
881,229179,Robert,Fogg,RobertFogg@gmail.com,test123
882,162654,Bruce,Vanhoose,BruceVanhoose@gmail.com,test123
883,152099,Roy,Perez,RoyPerez@gmail.com,test123
884,152673,Tony,Mcmillan,TonyMcmillan@gmail.com,test123
885,110608,Daniel,Jarvis,DanielJarvis@gmail.com,test123
886,232566,Joel,Owen,JoelOwen@gmail.com,test123
887,204264,Mary,Hedrick,MaryHedrick@gmail.com,test123
888,228981,Larry,Glenn,LarryGlenn@gmail.com,test123
889,157401,Owen,Ryan,OwenRyan@gmail.com,test123
890,174914,Michelle,Stone,MichelleStone@gmail.com,test123
891,167455,Calvin,Whitefield,CalvinWhitefield@gmail.com,test123
892,115728,Willard,Mulch,WillardMulch@gmail.com,test123
893,197911,Ted,Ramey,TedRamey@gmail.com,test123
894,191719,Crystal,Butler,CrystalButler@gmail.com,test123
895,213598,Stuart,Surgeon,StuartSurgeon@gmail.com,test123
896,180595,Ruth,Sparling,RuthSparling@gmail.com,test123
897,135160,Russell,Coats,RussellCoats@gmail.com,test123
898,218724,Jose,Barefield,JoseBarefield@gmail.com,test123
899,100654,Margaret,Guerra,MargaretGuerra@gmail.com,test123
900,171571,Matt,Gutierrez,MattGutierrez@gmail.com,test123
901,174251,Jennifer,Sanchez,JenniferSanchez@gmail.com,test123
902,163046,Nellie,King,NellieKing@gmail.com,test123
903,165671,Jose,August,JoseAugust@gmail.com,test123
904,106467,Shelia,Strickland,SheliaStrickland@gmail.com,test123
905,10236801,Tori,Komer,ToriKomer@gmail.com,test123
906,101143,Carla,Anderson,CarlaAnderson@gmail.com,test123
907,194499,Richard,Cowels,RichardCowels@gmail.com,test123
908,150668,Patrick,Cordova,PatrickCordova@gmail.com,test123
909,161873,Royce,David,RoyceDavid@gmail.com,test123
910,220640,Dennis,Thames,DennisThames@gmail.com,test123
911,155399,Sandra,Hausner,SandraHausner@gmail.com,test123
912,179159,Betty,Hudak,BettyHudak@gmail.com,test123
913,204866,Kenneth,Gamez,KennethGamez@gmail.com,test123
914,194073,Robyn,Mann,RobynMann@gmail.com,test123
915,141325,Roger,Crum,RogerCrum@gmail.com,test123
916,204796,Cindy,Chastain,CindyChastain@gmail.com,test123
917,193821,Sharice,Watkins,ShariceWatkins@gmail.com,test123
918,207500,Barbara,Hopkins,BarbaraHopkins@gmail.com,test123
919,178615,Louis,Paige,LouisPaige@gmail.com,test123
920,228042,Carl,Trent,CarlTrent@gmail.com,test123
921,219356,Larry,Cox,LarryCox@gmail.com,test123
922,106713,Ronald,Fisher,RonaldFisher@gmail.com,test123
923,173708,Anna,Delgado,AnnaDelgado@gmail.com,test123
924,149231,Charles,Floresca,CharlesFloresca@gmail.com,test123
925,238193,Debbie,Timm,DebbieTimm@gmail.com,test123
926,216852,Jennifer,Collins,JenniferCollins@gmail.com,test123
927,167996,Sylvia,Beam,SylviaBeam@gmail.com,test123
928,220640,Angela,Deering,AngelaDeering@gmail.com,test123
929,224527,Linda,Prewitt,LindaPrewitt@gmail.com,test123
930,153162,Ruth,Stamp,RuthStamp@gmail.com,test123
931,187134,Richard,Stanford,RichardStanford@gmail.com,test123
932,136950,Beth,Cruz,BethCruz@gmail.com,test123
933,240189,Karen,Johnson,KarenJohnson@gmail.com,test123
934,161086,Hattie,Files,HattieFiles@gmail.com,test123
935,104151,Beverly,Yarbrough,BeverlyYarbrough@gmail.com,test123
936,213367,Bessie,Gongora,BessieGongora@gmail.com,test123
937,423643,Margaret,Torres,MargaretTorres@gmail.com,test123
938,164155,Matilda,Painter,MatildaPainter@gmail.com,test123
939,237640,Darwin,Hines,DarwinHines@gmail.com,test123
940,144740,Maricela,Ward,MaricelaWard@gmail.com,test123
941,441937,Darryl,Blackburn,DarrylBlackburn@gmail.com,test123
942,187912,Carlie,Johnson,CarlieJohnson@gmail.com,test123
943,13508103,David,Groff,DavidGroff@gmail.com,test123
944,204477,Joanna,Crock,JoannaCrock@gmail.com,test123
945,105297,Joanna,Fillmore,JoannaFillmore@gmail.com,test123
946,17399301,Orlando,Jackson,OrlandoJackson@gmail.com,test123
947,156231,Susan,Cleveland,SusanCleveland@gmail.com,test123
948,491181,Patricia,Gibson,PatriciaGibson@gmail.com,test123
949,181394,Jeremiah,Wilcox,JeremiahWilcox@gmail.com,test123
950,230597,Bessie,Greany,BessieGreany@gmail.com,test123
951,197221,Dorothy,Saeteun,DorothySaeteun@gmail.com,test123
952,206048,Gracie,Staples,GracieStaples@gmail.com,test123
953,184612,Linda,Jarrett,LindaJarrett@gmail.com,test123
954,189413,Betty,Kantor,BettyKantor@gmail.com,test123
955,182281,Michael,Sabir,MichaelSabir@gmail.com,test123
956,195720,Lucille,Milano,LucilleMilano@gmail.com,test123
957,141574,Patricia,Harrington,PatriciaHarrington@gmail.com,test123
958,100654,Wayne,Dieguez,WayneDieguez@gmail.com,test123
959,195234,Mary,Arvesen,MaryArvesen@gmail.com,test123
960,231420,William,Gordon,WilliamGordon@gmail.com,test123
961,227863,Latisha,Stratton,LatishaStratton@gmail.com,test123
962,220756,Carole,Brown,CaroleBrown@gmail.com,test123
963,439817,Glenn,Pruitt,GlennPruitt@gmail.com,test123
964,194958,Tyra,Hirst,TyraHirst@gmail.com,test123
965,215132,Alexander,Ressler,AlexanderRessler@gmail.com,test123
966,237783,Harry,Williamson,HarryWilliamson@gmail.com,test123
967,145336,Jenny,Pregler,JennyPregler@gmail.com,test123
968,113236,Amanda,Collin,AmandaCollin@gmail.com,test123
969,181534,Jeffrey,Warren,JeffreyWarren@gmail.com,test123
970,141565,Ben,Washington,BenWashington@gmail.com,test123
971,141325,Vanessa,Ruiz,VanessaRuiz@gmail.com,test123
972,191649,George,Scott,GeorgeScott@gmail.com,test123
973,195128,Tiffany,Young,TiffanyYoung@gmail.com,test123
974,199999,Brenda,Sylvester,BrendaSylvester@gmail.com,test123
975,133155,Sylvia,Baugh,SylviaBaugh@gmail.com,test123
976,221388,John,Appling,JohnAppling@gmail.com,test123
977,171128,Florence,Talton,FlorenceTalton@gmail.com,test123
978,154688,Deborah,Watts,DeborahWatts@gmail.com,test123
979,174491,Matthew,Watkins,MatthewWatkins@gmail.com,test123
980,206604,Jamie,Vanhorn,JamieVanhorn@gmail.com,test123
981,165866,Blanca,Lovett,BlancaLovett@gmail.com,test123
982,233295,Deborah,Tuder,DeborahTuder@gmail.com,test123
983,147916,Patricia,Guin,PatriciaGuin@gmail.com,test123
984,240329,Kevin,Lewis,KevinLewis@gmail.com,test123
985,140988,Nancy,Modlin,NancyModlin@gmail.com,test123
986,102377,Consuelo,Cantrell,ConsueloCantrell@gmail.com,test123
987,196149,Elvira,Caraway,ElviraCaraway@gmail.com,test123
988,153445,Paul,Johnson,PaulJohnson@gmail.com,test123
989,151351,Irene,Snyder,IreneSnyder@gmail.com,test123
990,186380,William,Moore,WilliamMoore@gmail.com,test123
991,204635,Jacob,Brooks,JacobBrooks@gmail.com,test123
992,193326,Amanda,Patton,AmandaPatton@gmail.com,test123
993,227757,Alyssa,Benjamin,AlyssaBenjamin@gmail.com,test123
994,230861,Angelo,Runk,AngeloRunk@gmail.com,test123
995,141644,Luis,Newman,LuisNewman@gmail.com,test123
996,173115,Kyle,Irving,KyleIrving@gmail.com,test123
997,189592,Debra,Cannon,DebraCannon@gmail.com,test123
998,143118,Thomas,Randle,ThomasRandle@gmail.com,test123
999,106245,George,Goodman,GeorgeGoodman@gmail.com,test123
1000,145637,Miguel,Fernandez,migujorg@gmail.com,test123
1001,145637,Aditya,Jain,adityaj5@illinois.edu,test123